date,aqi
1617235200000,160.0
1617321600000,165.0
1617408000000,127.0
1617494400000,118.0
1617580800000,146.0
1617667200000,162.0
1617753600000,168.0
1617840000000,158.0
1617926400000,148.0
1618012800000,147.0
1618099200000,148.0
1618185600000,134.0
1618272000000,116.0
1618358400000,115.0
1618444800000,127.0
1618531200000,50.0
1616544000000,172.0
1616630400000,159.0
1616716800000,114.0
1616803200000,132.0
1616889600000,155.0
1616976000000,169.0
1617062400000,172.0
1617148800000,171.0
1591574400000,64.0
1591660800000,64.0
1591747200000,57.0
1591833600000,64.0
1591920000000,73.0
1592006400000,63.0
1577836800000,44.0
1577923200000,63.0
1578009600000,82.0
1578096000000,87.0
1578182400000,74.0
1578268800000,63.0
1578355200000,66.0
1578441600000,71.0
1578528000000,82.0
1578614400000,86.0
1578700800000,74.0
1578787200000,82.0
1578873600000,89.0
1578960000000,79.0
1579046400000,75.0
1579132800000,96.0
1579219200000,98.0
1579305600000,101.0
1579392000000,89.0
1579478400000,78.0
1579564800000,73.0
1579651200000,64.0
1579737600000,54.0
1579824000000,39.0
1580083200000,31.0
1580169600000,30.0
1580256000000,52.0
1580342400000,105.0
1580428800000,98.0
1569888000000,182.0
1569974400000,147.0
1570060800000,93.0
1570320000000,90.0
1570406400000,90.0
1570492800000,93.0
1570579200000,92.0
1570665600000,99.0
1570752000000,102.0
1570838400000,91.0
1570924800000,95.0
1571011200000,95.0
1571097600000,87.0
1571184000000,77.0
1571270400000,76.0
1571356800000,85.0
1571443200000,104.0
1571529600000,132.0
1571616000000,128.0
1571702400000,132.0
1571788800000,131.0
1571875200000,102.0
1571961600000,90.0
1572048000000,71.0
1572134400000,80.0
1572220800000,94.0
1572307200000,91.0
1572393600000,72.0
1572480000000,75.0
1572566400000,75.0
1572652800000,77.0
1572739200000,118.0
1572825600000,198.0
1572912000000,187.0
1572998400000,156.0
1573084800000,132.0
1573171200000,128.0
1573257600000,87.0
1573344000000,60.0
1573430400000,44.0
1573516800000,54.0
1573603200000,76.0
1573689600000,84.0
1573776000000,97.0
1573862400000,80.0
1573948800000,61.0
1574035200000,32.0
1574467200000,62.0
1574553600000,64.0
1574640000000,47.0
1574726400000,43.0
1574812800000,42.0
1574899200000,53.0
1574985600000,45.0
1575072000000,45.0
1575158400000,52.0
1575244800000,89.0
1575331200000,104.0
1575417600000,120.0
1575504000000,82.0
1575590400000,95.0
1575676800000,134.0
1575763200000,101.0
1575849600000,110.0
1575936000000,123.0
1576022400000,132.0
1576108800000,123.0
1576195200000,71.0
1576281600000,87.0
1576368000000,99.0
1576454400000,81.0
1576540800000,77.0
1576627200000,82.0
1576713600000,73.0
1576800000000,80.0
1576886400000,76.0
1576972800000,74.0
1577059200000,62.0
1577145600000,57.0
1577232000000,72.0
1577318400000,102.0
1577404800000,93.0
1577491200000,75.0
1577577600000,23.0
1561939200000,76.0
1562025600000,73.0
1562112000000,45.0
1562198400000,41.0
1562284800000,53.0
1562371200000,70.0
1562457600000,73.0
1562544000000,72.0
1562630400000,66.0
1562716800000,72.0
1562803200000,84.0
1562889600000,94.0
1562976000000,86.0
1563062400000,92.0
1563148800000,78.0
1563235200000,31.0
1563926400000,46.0
1564012800000,10.0
1564272000000,63.0
1564358400000,80.0
1564444800000,96.0
1564531200000,92.0
1564617600000,68.0
1564704000000,64.0
1564790400000,58.0
1564876800000,63.0
1564963200000,68.0
1565049600000,83.0
1565136000000,97.0
1565222400000,93.0
1565308800000,77.0
1565395200000,67.0
1565481600000,66.0
1565568000000,67.0
1565654400000,66.0
1565740800000,71.0
1565827200000,78.0
1565913600000,75.0
1566000000000,51.0
1566086400000,55.0
1566172800000,70.0
1566259200000,70.0
1566345600000,59.0
1566432000000,74.0
1566518400000,86.0
1566604800000,96.0
1566691200000,74.0
1566777600000,58.0
1566864000000,55.0
1566950400000,55.0
1567036800000,39.0
1567641600000,50.0
1567728000000,78.0
1567814400000,91.0
1567900800000,73.0
1567987200000,80.0
1568073600000,78.0
1568160000000,64.0
1568246400000,75.0
1568332800000,85.0
1568419200000,95.0
1568505600000,54.0
1568764800000,78.0
1568851200000,75.0
1568937600000,104.0
1569024000000,138.0
1569110400000,157.0
1569196800000,154.0
1569283200000,175.0
1569369600000,167.0
1569456000000,154.0
1569542400000,151.0
1569628800000,161.0
1569715200000,198.0
1569801600000,205.0
1554076800000,91.0
1559001600000,0.0
1559088000000,0.0
1559174400000,0.0
1559260800000,0.0
1559433600000,0.0
1559520000000,0.0
1559606400000,0.0
1559692800000,0.0
1559779200000,25.0
1559865600000,53.0
1559952000000,64.0
1560038400000,64.0
1560124800000,286.0
1560211200000,760.0
1560297600000,243.0
1560384000000,1.0
1561680000000,58.0
1561766400000,57.0
1561852800000,71.0
1546300800000,34.0
1546387200000,37.0
1546473600000,48.0
1546560000000,56.0
1546646400000,78.0
1546732800000,129.0
1546819200000,159.0
1546905600000,152.0
1546992000000,116.0
1547078400000,127.0
1547164800000,129.0
1547251200000,106.0
1547337600000,114.0
1547424000000,139.0
1547510400000,124.0
1547596800000,87.0
1547683200000,44.0
1547769600000,91.0
1547856000000,125.0
1547942400000,119.0
1548028800000,109.0
1548115200000,103.0
1548201600000,152.0
1548288000000,188.0
1548374400000,176.0
1548460800000,176.0
1548547200000,158.0
1548633600000,114.0
1548720000000,131.0
1548806400000,134.0
1548892800000,123.0
1548979200000,134.0
1549065600000,139.0
1549152000000,142.0
1549238400000,112.0
1549324800000,101.0
1549411200000,98.0
1549497600000,124.0
1549584000000,140.0
1549670400000,130.0
1549756800000,101.0
1549843200000,102.0
1549929600000,91.0
1550016000000,96.0
1550102400000,95.0
1550188800000,98.0
1550275200000,110.0
1550361600000,123.0
1550448000000,136.0
1550534400000,136.0
1550620800000,111.0
1550707200000,103.0
1550793600000,90.0
1551398400000,91.0
1551484800000,111.0
1551571200000,116.0
1551657600000,106.0
1551744000000,126.0
1551830400000,175.0
1551916800000,167.0
1552003200000,133.0
1552089600000,153.0
1552176000000,145.0
1552262400000,97.0
1552348800000,140.0
1552435200000,181.0
1552521600000,163.0
1552608000000,158.0
1552694400000,131.0
1552780800000,129.0
1552867200000,142.0
1552953600000,138.0
1553040000000,139.0
1553126400000,149.0
1553212800000,140.0
1553299200000,105.0
1553385600000,91.0
1553472000000,90.0
1553558400000,106.0
1553644800000,118.0
1553731200000,153.0
1553817600000,184.0
1553904000000,188.0
1553990400000,158.0
1538352000000,67.0
1538438400000,53.0
1538524800000,36.0
1543449600000,167.0
1543536000000,172.0
1543622400000,27.0
1543795200000,196.0
1543881600000,197.0
1543968000000,196.0
1544054400000,199.0
1544140800000,170.0
1544227200000,152.0
1544313600000,157.0
1544400000000,163.0
1544486400000,168.0
1544572800000,183.0
1544659200000,155.0
1544745600000,165.0
1544832000000,171.0
1544918400000,179.0
1545004800000,172.0
1545091200000,204.0
1545177600000,218.0
1545264000000,204.0
1545350400000,194.0
1545436800000,181.0
1545523200000,201.0
1545609600000,76.0
1545782400000,110.0
1545868800000,113.0
1545955200000,91.0
1546041600000,81.0
1546128000000,54.0
1530403200000,18.0
1533686400000,54.0
1533772800000,21.0
1533859200000,23.0
1533945600000,24.0
1534032000000,16.0
1534118400000,15.0
1534204800000,15.0
1534291200000,20.0
1534377600000,18.0
1534464000000,19.0
1534550400000,15.0
1534636800000,19.0
1534723200000,24.0
1534809600000,34.0
1534896000000,34.0
1534982400000,28.0
1535068800000,31.0
1535155200000,37.0
1535241600000,29.0
1535328000000,23.0
1535414400000,24.0
1535500800000,27.0
1535587200000,19.0
1535673600000,23.0
1535760000000,31.0
1535846400000,28.0
1535932800000,23.0
1536019200000,23.0
1536105600000,28.0
1536192000000,42.0
1536278400000,47.0
1536364800000,34.0
1536451200000,28.0
1536537600000,46.0
1536624000000,45.0
1536710400000,37.0
1536796800000,37.0
1536883200000,58.0
1536969600000,37.0
1537056000000,55.0
1537142400000,35.0
1537228800000,26.0
1537315200000,29.0
1537401600000,28.0
1537488000000,32.0
1537574400000,28.0
1537660800000,27.0
1537747200000,40.0
1537833600000,52.0
1537920000000,62.0
1538006400000,52.0
1538092800000,50.0
1538179200000,42.0
1538265600000,51.0
1524096000000,71.0
1524441600000,159.0
1524528000000,181.0
1524614400000,182.0
1524700800000,163.0
1524787200000,157.0
1524873600000,151.0
1524960000000,146.0
1525046400000,144.0
1525132800000,157.0
1525219200000,84.0
1525651200000,118.0
1525737600000,123.0
1525824000000,111.0
1525910400000,119.0
1525996800000,137.0
1526083200000,154.0
1526169600000,148.0
1526256000000,147.0
1526342400000,144.0
1526428800000,134.0
1526515200000,139.0
1526601600000,141.0
1526688000000,145.0
1526774400000,159.0
1526860800000,69.0
1527033600000,143.0
1527120000000,57.0
1527465600000,146.0
1527552000000,140.0
1527638400000,153.0
1527724800000,151.0
1527811200000,138.0
1527897600000,126.0
1527984000000,116.0
1528070400000,131.0
1528156800000,126.0
1528243200000,147.0
1528329600000,127.0
1528416000000,135.0
1528502400000,125.0
1528588800000,115.0
1528675200000,120.0
1528761600000,119.0
1528848000000,118.0
1528934400000,122.0
1529020800000,119.0
1529107200000,113.0
1529193600000,111.0
1529280000000,114.0
1529366400000,115.0
1529452800000,12.0
1529625600000,30.0
1529712000000,35.0
1529798400000,31.0
1529884800000,25.0
1529971200000,24.0
1530057600000,29.0
1530144000000,26.0
1530230400000,22.0
1530316800000,22.0
1514764800000,117.0
1514851200000,105.0
1514937600000,86.0
1515024000000,87.0
1515110400000,78.0
1515196800000,103.0
1515283200000,120.0
1515369600000,109.0
1515456000000,32.0
1515542400000,30.0
1515628800000,34.0
1515715200000,49.0
1515801600000,84.0
1515888000000,83.0
1515974400000,108.0
1516060800000,114.0
1516147200000,117.0
1516233600000,128.0
1516320000000,107.0
1516406400000,115.0
1516492800000,126.0
1516579200000,113.0
1516665600000,112.0
1516752000000,97.0
1516838400000,90.0
1516924800000,89.0
1517011200000,54.0
1507334400000,33.0
1507680000000,100.0
1507766400000,72.0
1507852800000,89.0
1507939200000,93.0
1508025600000,72.0
1508112000000,44.0
1508198400000,31.0
1508284800000,38.0
1508371200000,44.0
1508716800000,108.0
1508803200000,107.0
1508889600000,87.0
1508976000000,108.0
1509062400000,128.0
1509148800000,69.0
1509235200000,19.0
1509321600000,13.0
1509408000000,15.0
1509494400000,22.0
1509580800000,15.0
1509667200000,12.0
1509753600000,10.0
1509840000000,12.0
1509926400000,17.0
1510012800000,29.0
1510099200000,23.0
1510185600000,23.0
1510272000000,26.0
1510358400000,24.0
1510444800000,36.0
1510531200000,5.0
1510790400000,95.0
1510876800000,102.0
1510963200000,87.0
1511049600000,67.0
1511136000000,45.0
1511222400000,37.0
1511308800000,5.0
1511481600000,19.0
1511568000000,21.0
1511654400000,36.0
1511740800000,66.0
1511827200000,66.0
1511913600000,81.0
1512000000000,73.0
1512086400000,73.0
1512172800000,55.0
1512259200000,103.0
1512345600000,118.0
1512432000000,127.0
1512518400000,119.0
1512604800000,134.0
1512691200000,144.0
1512777600000,171.0
1512864000000,166.0
1512950400000,148.0
1513036800000,163.0
1513123200000,151.0
1513209600000,110.0
1513296000000,81.0
1513382400000,31.0
1514160000000,145.0
1514246400000,73.0
1514332800000,48.0
1514419200000,40.0
1514505600000,55.0
1514592000000,102.0
1514678400000,125.0
1502150400000,253.0
1502236800000,158.0
1502496000000,234.0
1502582400000,270.0
1502668800000,254.0
1502755200000,261.0
1502841600000,213.0
1502928000000,198.0
1503014400000,180.0
1503100800000,31.0
1503360000000,165.0
1503446400000,196.0
1503532800000,107.0
1503619200000,38.0
1503705600000,33.0
1503792000000,39.0
1503878400000,41.0
1503964800000,46.0
1504051200000,46.0
1504137600000,46.0
1504224000000,38.0
1504310400000,38.0
1504396800000,42.0
1504483200000,39.0
1504569600000,24.0
1505779200000,69.0
1505865600000,77.0
1505952000000,77.0
1506038400000,83.0
1506124800000,64.0
1506211200000,71.0
1506297600000,68.0
1506384000000,54.0
1506470400000,55.0
1506556800000,48.0
1506643200000,39.0
1483315200000,123.0
1483401600000,122.0
1483488000000,102.0
1483574400000,115.0
1483660800000,106.0
1483747200000,105.0
1483833600000,90.0
1483920000000,100.0
1484006400000,94.0
1484092800000,93.0
1484179200000,44.0
1484352000000,18.0
1484870400000,97.0
1484956800000,93.0
1485043200000,96.0
1485129600000,64.0
1490832000000,50.0
1476748800000,234.0
1476835200000,254.0
1476921600000,253.0
1477008000000,327.0
1477094400000,245.0
1477180800000,233.0
1477267200000,247.0
1477353600000,253.0
1477440000000,193.0
1477526400000,160.0
1477612800000,154.0
1477699200000,238.0
1477785600000,187.0
1477872000000,171.0
1477958400000,158.0
1478044800000,146.0
1478131200000,156.0
1478217600000,178.0
1478304000000,259.0
1478390400000,261.0
1478476800000,245.0
1478563200000,159.0
1478649600000,117.0
1478736000000,109.0
1478822400000,139.0
1478908800000,194.0
1478995200000,179.0
1479081600000,143.0
1479168000000,158.0
1479254400000,192.0
1479340800000,184.0
1479427200000,193.0
1479513600000,196.0
1479600000000,197.0
1479686400000,167.0
1479772800000,208.0
1479859200000,172.0
1479945600000,123.0
1480032000000,116.0
1480118400000,84.0
1480204800000,93.0
1480291200000,129.0
1480377600000,118.0
1480464000000,115.0
1480550400000,146.0
1480636800000,158.0
1480723200000,149.0
1480809600000,153.0
1480896000000,168.0
1480982400000,164.0
1481068800000,143.0
1481155200000,164.0
1481241600000,185.0
1481328000000,156.0
1481414400000,169.0
1481500800000,177.0
1481587200000,159.0
1481673600000,117.0
1481760000000,120.0
1481846400000,131.0
1481932800000,130.0
1482019200000,142.0
1482105600000,192.0
1482192000000,187.0
1482278400000,164.0
1482364800000,147.0
1482451200000,167.0
1482537600000,146.0
1482624000000,156.0
1482710400000,124.0
1482796800000,125.0
1482883200000,126.0
1482969600000,107.0
1483056000000,99.0
1483142400000,16.0
1467331200000,190.0
1467417600000,14.0
1467849600000,182.0
1467936000000,276.0
1468022400000,192.0
1468108800000,23.0
1468281600000,195.0
1468368000000,327.0
1468454400000,259.0
1468540800000,208.0
1468627200000,19.0
1469577600000,11.0
1470268800000,248.0
1470355200000,231.0
1470441600000,210.0
1470528000000,211.0
1470614400000,256.0
1470700800000,264.0
1470787200000,135.0
1470873600000,11.0
1471651200000,6.0
1459814400000,95.0
1459900800000,109.0
1459987200000,105.0
1460073600000,102.0
1460160000000,117.0
1460246400000,167.0
1460332800000,156.0
1460419200000,176.0
1460505600000,204.0
1460592000000,170.0
1460678400000,73.0
1461024000000,107.0
1461110400000,103.0
1461196800000,95.0
1461283200000,45.0
1461542400000,132.0
1461628800000,162.0
1461715200000,293.0
1461801600000,287.0
1461888000000,251.0
1461974400000,271.0
1462060800000,289.0
1462147200000,208.0
1462233600000,260.0
1462320000000,275.0
1462406400000,175.0
1462492800000,200.0
1462579200000,207.0
1462665600000,225.0
1462752000000,211.0
1462838400000,225.0
1462924800000,275.0
1463011200000,178.0
1463097600000,232.0
1463184000000,221.0
1463270400000,161.0
1463356800000,99.0
1463443200000,232.0
1463529600000,196.0
1463616000000,210.0
1463702400000,189.0
1463788800000,193.0
1463875200000,247.0
1463961600000,295.0
1464048000000,146.0
1464134400000,243.0
1464220800000,252.0
1464307200000,633.0
1464393600000,968.0
1464480000000,520.0
1464566400000,281.0
1464652800000,254.0
1464739200000,247.0
1464825600000,236.0
1464912000000,178.0
1464998400000,113.0
1465084800000,23.0
1465862400000,94.0
1465948800000,20.0
1466553600000,232.0
1466640000000,190.0
1466726400000,178.0
1466812800000,231.0
1466899200000,169.0
1466985600000,8.0
1457654400000,55.0
1457740800000,98.0
1457827200000,107.0
1457913600000,106.0
1458000000000,133.0
1458086400000,133.0
1458172800000,122.0
1458259200000,125.0
1458345600000,126.0
1458432000000,116.0
1458518400000,113.0
1458604800000,112.0
1458691200000,122.0
1458777600000,99.0
1458864000000,44.0
1458950400000,71.0
1459036800000,103.0
1459123200000,165.0
1459209600000,152.0
1459296000000,105.0
1435708800000,203.0
1435795200000,135.0
1435881600000,134.0
1435968000000,129.0
1436054400000,118.0
1436140800000,142.0
1436227200000,97.0
1436313600000,139.0
1436400000000,149.0
1436486400000,82.0
1436572800000,79.0
1436659200000,93.0
1436745600000,89.0
1428278400000,134.0
1428364800000,153.0
1428451200000,123.0
1428537600000,171.0
1428624000000,146.0
1428710400000,102.0
1428796800000,130.0
1428883200000,149.0
1428969600000,161.0
1429056000000,144.0
1430784000000,425.0
1430870400000,437.0
1430956800000,472.0
1431043200000,497.0
1431129600000,497.0
1431216000000,489.0
1431302400000,490.0
1431388800000,472.0
1431475200000,541.0
1431561600000,248.0
1431648000000,157.0
1431734400000,116.0
1431820800000,229.0
1431907200000,241.0
1431993600000,226.0
1432080000000,213.0
1432166400000,234.0
1432252800000,228.0
1432339200000,214.0
1432425600000,237.0
1432512000000,202.0
1432771200000,196.0
1432857600000,229.0
1432944000000,212.0
1433030400000,236.0
1433116800000,212.0
1433203200000,165.0
1433289600000,109.0
1433376000000,102.0
1433462400000,112.0
1433548800000,111.0
1433635200000,99.0
1433721600000,94.0
1433808000000,113.0
1433894400000,135.0
1433980800000,146.0
1434067200000,121.0
1434153600000,128.0
1434240000000,115.0
1434326400000,101.0
1434412800000,93.0
1434499200000,86.0
1434585600000,102.0
1434672000000,101.0
1434758400000,116.0
1434844800000,123.0
1434931200000,127.0
1435017600000,97.0
1435104000000,68.0
1435190400000,103.0
1435276800000,115.0
1435363200000,107.0
1435449600000,112.0
1435536000000,145.0
1435622400000,128.0
1420416000000,176.0
1420502400000,178.0
1420588800000,183.0
1420675200000,203.0
1420761600000,192.0
1420848000000,136.0
1420934400000,88.0
1421020800000,98.0
1421107200000,150.0
1421193600000,204.0
1421280000000,208.0
1421366400000,234.0
1421452800000,189.0
1421625600000,292.0
1421712000000,329.0
1421798400000,329.0
1421884800000,332.0
1421971200000,382.0
1422057600000,326.0
1422144000000,240.0
1422230400000,204.0
1422316800000,186.0
1422403200000,210.0
1422489600000,220.0
1422576000000,209.0
1422662400000,188.0
1422748800000,159.0
1422835200000,174.0
1422921600000,162.0
1423008000000,189.0
1423094400000,233.0
1423180800000,210.0
1423267200000,197.0
1423353600000,178.0
1423440000000,224.0
1423526400000,252.0
1423612800000,251.0
1423699200000,237.0
1423785600000,242.0
1423872000000,245.0
1423958400000,225.0
1424044800000,213.0
1424131200000,164.0
1424217600000,130.0
1424304000000,125.0
1424390400000,133.0
1424476800000,138.0
1424563200000,145.0
1424649600000,137.0
1424736000000,139.0
1424822400000,143.0
1424908800000,115.0
1424995200000,69.0
1425081600000,63.0
1425168000000,55.0
1425254400000,58.0
1425340800000,76.0
1425427200000,118.0
1425513600000,159.0
1425600000000,152.0
1425686400000,129.0
1425772800000,97.0
1425859200000,125.0
1425945600000,150.0
1426032000000,164.0
1426118400000,143.0
1426204800000,184.0
1426291200000,162.0
1426550400000,155.0
1426636800000,131.0
1426723200000,93.0
1412121600000,137.0
1412208000000,174.0
1412294400000,194.0
1412380800000,196.0
1412467200000,197.0
1412553600000,69.0
1414454400000,171.0
1414540800000,152.0
1414627200000,206.0
1414713600000,202.0
1414800000000,197.0
1414886400000,185.0
1414972800000,199.0
1415059200000,207.0
1415145600000,195.0
1415232000000,176.0
1415318400000,184.0
1415404800000,97.0
1415577600000,175.0
1415664000000,171.0
1415750400000,172.0
1415836800000,199.0
1415923200000,210.0
1416009600000,158.0
1416096000000,143.0
1416182400000,130.0
1416268800000,119.0
1416355200000,109.0
1419206400000,93.0
1419379200000,98.0
1404172800000,103.0
1404259200000,90.0
1404345600000,96.0
1404432000000,95.0
1404518400000,82.0
1404604800000,78.0
1404691200000,94.0
1404777600000,225.0
1404950400000,444.0
1405036800000,380.0
1405468800000,205.0
1405555200000,134.0
1405641600000,83.0
1405728000000,72.0
1405814400000,262.0
1405900800000,260.0
1405987200000,335.0
1406073600000,194.0
1406160000000,143.0
1406246400000,142.0
1406332800000,128.0
1406419200000,110.0
1406505600000,105.0
1406592000000,148.0
1406678400000,143.0
1406764800000,111.0
1406851200000,161.0
1406937600000,131.0
1407024000000,120.0
1407110400000,171.0
1407196800000,118.0
1407283200000,81.0
1407369600000,80.0
1407456000000,121.0
1407542400000,209.0
1407628800000,176.0
1407715200000,101.0
1407801600000,100.0
1407888000000,91.0
1407974400000,81.0
1408060800000,138.0
1408147200000,48.0
1408320000000,93.0
1408406400000,159.0
1408492800000,133.0
1408579200000,135.0
1408665600000,118.0
1408752000000,33.0
1409788800000,357.0
1409875200000,268.0
1409961600000,122.0
1410048000000,174.0
1410134400000,134.0
1410220800000,128.0
1410307200000,156.0
1410393600000,203.0
1410480000000,134.0
1410566400000,114.0
1410652800000,110.0
1410739200000,132.0
1410825600000,224.0
1410912000000,119.0
1410998400000,115.0
1411084800000,151.0
1411171200000,132.0
1411257600000,126.0
1411344000000,182.0
1411430400000,212.0
1411516800000,216.0
1411603200000,250.0
1411689600000,220.0
1411776000000,173.0
1411862400000,166.0
1411948800000,146.0
1412035200000,125.0
1396310400000,319.0
1396396800000,319.0
1396483200000,306.0
1396569600000,282.0
1396656000000,283.0
1396742400000,295.0
1396828800000,308.0
1396915200000,301.0
1397001600000,294.0
1397088000000,298.0
1397174400000,290.0
1397260800000,310.0
1397347200000,327.0
1397433600000,327.0
1397520000000,342.0
1397606400000,258.0
1397692800000,265.0
1397779200000,248.0
1397865600000,261.0
1397952000000,254.0
1398038400000,242.0
1398124800000,243.0
1398211200000,255.0
1398297600000,267.0
1398384000000,253.0
1398470400000,250.0
1398556800000,234.0
1398643200000,166.0
1398729600000,158.0
1398816000000,169.0
1398902400000,176.0
1398988800000,242.0
1399075200000,193.0
1399161600000,199.0
1399248000000,148.0
1399334400000,150.0
1399420800000,208.0
1399507200000,219.0
1399593600000,189.0
1399680000000,156.0
1399766400000,194.0
1399852800000,190.0
1399939200000,176.0
1400025600000,194.0
1400112000000,208.0
1400198400000,191.0
1400284800000,171.0
1400371200000,183.0
1400457600000,180.0
1400544000000,176.0
1400630400000,173.0
1400716800000,236.0
1400803200000,134.0
1400889600000,122.0
1400976000000,121.0
1401062400000,113.0
1401148800000,135.0
1401235200000,140.0
1401321600000,148.0
1401408000000,129.0
1401494400000,135.0
1401580800000,139.0
1401667200000,140.0
1401753600000,132.0
1401840000000,147.0
1401926400000,159.0
1402012800000,149.0
1402099200000,139.0
1402185600000,171.0
1402272000000,131.0
1402358400000,132.0
1402444800000,179.0
1402531200000,170.0
1402617600000,170.0
1402704000000,166.0
1402790400000,166.0
1402876800000,148.0
1402963200000,146.0
1403049600000,129.0
1403136000000,135.0
1403222400000,119.0
1403308800000,106.0
1403395200000,122.0
1403481600000,148.0
1403568000000,126.0
1403654400000,116.0
1403740800000,110.0
1403827200000,142.0
1403913600000,148.0
1404000000000,148.0
1404086400000,83.0
1388620800000,362.0
1388707200000,320.0
1388793600000,116.0
1388966400000,335.0
1389052800000,288.0
1389139200000,318.0
1389225600000,306.0
1389312000000,256.0
1389398400000,248.0
1389484800000,279.0
1389571200000,279.0
1389657600000,294.0
1389744000000,304.0
1389830400000,290.0
1389916800000,344.0
1390003200000,270.0
1390089600000,319.0
1390176000000,375.0
1390262400000,406.0
1390348800000,363.0
1390435200000,348.0
1390521600000,295.0
1390608000000,248.0
1390694400000,223.0
1390780800000,232.0
1390867200000,253.0
1390953600000,247.0
1391040000000,238.0
1391126400000,213.0
1391212800000,203.0
1391299200000,197.0
1391385600000,196.0
1391472000000,58.0
1391817600000,220.0
1391904000000,252.0
1391990400000,200.0
1392076800000,174.0
1392163200000,189.0
1392249600000,184.0
1392336000000,212.0
1392422400000,275.0
1392508800000,270.0
1392595200000,63.0
1392768000000,194.0
1392854400000,233.0
1392940800000,265.0
1393027200000,260.0
1393113600000,235.0
1393200000000,230.0
1393286400000,235.0
1393372800000,71.0
1393545600000,218.0
1393632000000,251.0
1393718400000,245.0
1393804800000,234.0
1393891200000,225.0
1393977600000,229.0
1394064000000,246.0
1394150400000,259.0
1394236800000,261.0
1394323200000,235.0
1394409600000,235.0
1394496000000,252.0
1394582400000,274.0
1394668800000,282.0
1394755200000,240.0
1394841600000,240.0
1394928000000,284.0
1395014400000,268.0
1395100800000,272.0
1395187200000,269.0
1395273600000,278.0
1395360000000,239.0
1395446400000,218.0
1395532800000,267.0
1395619200000,301.0
1395705600000,284.0
1395792000000,278.0
1395878400000,288.0
1395964800000,313.0
1396051200000,323.0
1396137600000,317.0
1396224000000,327.0
1616457600000,72.0
1591488000000,34.0
1577750400000,28.0
1579996800000,26.0
1570233600000,47.0
1574380800000,32.0
1563840000000,33.0
1564185600000,35.0
1567555200000,23.0
1568678400000,38.0
1558915200000,0.0
1559347200000,0.0
1561593600000,36.0
1546214400000,7.0
1551312000000,19.0
1543363200000,143.0
1543708800000,145.0
1545696000000,28.0
1533600000000,12.0
1524009600000,75.0
1524355200000,78.0
1525564800000,71.0
1526947200000,86.0
1527379200000,90.0
1529539200000,6.0
1507248000000,25.0
1507593600000,44.0
1508630400000,28.0
1510704000000,31.0
1511395200000,15.0
1514073600000,58.0
1502064000000,161.0
1502409600000,7.0
1503273600000,26.0
1505692800000,22.0
1483228800000,66.0
1484265600000,38.0
1484784000000,51.0
1490745600000,41.0
1476662400000,47.0
1467244800000,298.0
1467763200000,173.0
1468195200000,232.0
1469491200000,67.0
1470182400000,146.0
1471564800000,87.0
1459728000000,40.0
1460937600000,50.0
1461456000000,81.0
1465776000000,288.0
1466467200000,250.0
1457568000000,7.0
1428192000000,69.0
1430697600000,233.0
1432684800000,1.0
1420329600000,110.0
1421539200000,49.0
1426464000000,25.0
1414368000000,110.0
1415491200000,101.0
1419120000000,181.0
1419292800000,87.0
1404864000000,340.0
1405382400000,242.0
1408233600000,86.0
1409702400000,197.0
1388534400000,274.0
1388880000000,257.0
1391731200000,139.0
1392681600000,157.0
1393459200000,149.0
1614556800000,26.0
1614643200000,25.0
1614729600000,27.0
1612137600000,35.0
1612224000000,36.0
1612310400000,35.0
1612396800000,48.0
1612483200000,48.0
1612569600000,36.0
1612656000000,34.0
1612742400000,29.0
1612828800000,34.0
1612915200000,45.0
1613001600000,48.0
1613088000000,53.0
1613174400000,49.0
1613260800000,44.0
1613347200000,46.0
1613433600000,45.0
1613520000000,41.0
1613606400000,48.0
1613692800000,50.0
1613779200000,47.0
1613865600000,46.0
1613952000000,46.0
1614038400000,43.0
1614124800000,52.0
1614211200000,38.0
1614297600000,39.0
1614384000000,32.0
1614470400000,26.0
1609718400000,48.0
1609804800000,44.0
1609891200000,39.0
1609977600000,43.0
1610064000000,116.0
1610150400000,45.0
1610236800000,28.0
1610323200000,42.0
1610409600000,47.0
1610496000000,48.0
1610582400000,45.0
1610668800000,41.0
1610755200000,42.0
1610841600000,57.0
1610928000000,93.0
1611014400000,57.0
1611100800000,56.0
1611187200000,50.0
1611273600000,42.0
1611360000000,54.0
1611446400000,48.0
1611532800000,43.0
1611619200000,42.0
1611705600000,35.0
1611792000000,47.0
1611878400000,71.0
1611964800000,48.0
1612051200000,38.0
1601510400000,26.0
1601596800000,28.0
1601683200000,20.0
1601769600000,23.0
1601856000000,26.0
1601942400000,26.0
1602028800000,26.0
1602115200000,20.0
1602201600000,22.0
1602288000000,31.0
1602374400000,37.0
1602460800000,25.0
1602547200000,32.0
1602633600000,34.0
1602720000000,34.0
1602806400000,14.0
1602892800000,19.0
1602979200000,24.0
1603065600000,23.0
1603152000000,29.0
1603238400000,44.0
1603324800000,52.0
1603411200000,50.0
1603497600000,90.0
1603584000000,59.0
1603670400000,71.0
1603756800000,42.0
1604016000000,18.0
1604102400000,25.0
1604188800000,28.0
1604275200000,37.0
1604361600000,42.0
1604448000000,35.0
1604534400000,22.0
1605312000000,37.0
1605398400000,34.0
1605484800000,21.0
1605571200000,19.0
1605657600000,20.0
1605744000000,19.0
1605830400000,18.0
1605916800000,14.0
1606003200000,16.0
1606089600000,16.0
1606176000000,19.0
1606262400000,26.0
1606348800000,19.0
1606435200000,26.0
1606521600000,28.0
1606608000000,30.0
1606694400000,30.0
1606780800000,29.0
1606867200000,30.0
1606953600000,30.0
1607040000000,36.0
1607126400000,56.0
1607212800000,34.0
1607299200000,31.0
1607385600000,40.0
1607472000000,38.0
1607558400000,31.0
1607644800000,30.0
1607731200000,30.0
1607817600000,22.0
1607904000000,20.0
1607990400000,23.0
1608076800000,28.0
1608163200000,22.0
1608249600000,28.0
1608336000000,22.0
1608422400000,24.0
1608508800000,38.0
1608595200000,36.0
1608681600000,41.0
1608768000000,41.0
1608854400000,30.0
1608940800000,37.0
1609027200000,40.0
1609113600000,34.0
1609200000000,30.0
1609286400000,53.0
1609372800000,52.0
1609459200000,48.0
1609545600000,39.0
1609632000000,35.0
1593561600000,40.0
1593648000000,27.0
1593993600000,24.0
1594080000000,36.0
1594166400000,40.0
1594252800000,44.0
1594339200000,45.0
1594425600000,42.0
1594512000000,41.0
1594598400000,28.0
1594944000000,34.0
1595030400000,43.0
1595116800000,33.0
1595203200000,25.0
1595289600000,30.0
1595376000000,31.0
1595462400000,37.0
1595548800000,34.0
1595635200000,32.0
1595721600000,35.0
1595808000000,33.0
1595894400000,31.0
1595980800000,30.0
1596067200000,40.0
1596153600000,20.0
1596240000000,24.0
1596326400000,29.0
1596412800000,19.0
1596499200000,36.0
1596585600000,38.0
1596672000000,43.0
1596758400000,46.0
1596844800000,36.0
1596931200000,75.0
1597017600000,54.0
1597104000000,46.0
1597190400000,49.0
1597276800000,25.0
1597363200000,56.0
1597449600000,32.0
1597536000000,51.0
1597622400000,43.0
1597708800000,36.0
1597795200000,35.0
1597881600000,27.0
1597968000000,25.0
1598054400000,53.0
1598140800000,53.0
1598227200000,45.0
1598313600000,47.0
1598400000000,55.0
1598486400000,40.0
1598572800000,53.0
1598659200000,51.0
1598745600000,31.0
1598832000000,42.0
1598918400000,35.0
1599004800000,38.0
1599091200000,33.0
1599177600000,30.0
1599264000000,31.0
1599350400000,32.0
1599436800000,32.0
1599523200000,30.0
1599609600000,32.0
1599696000000,38.0
1599782400000,32.0
1599868800000,30.0
1599955200000,30.0
1600041600000,24.0
1600128000000,10.0
1600300800000,15.0
1600387200000,23.0
1600473600000,34.0
1600560000000,23.0
1600646400000,21.0
1600732800000,25.0
1600819200000,27.0
1600905600000,32.0
1600992000000,36.0
1601078400000,35.0
1601164800000,25.0
1601251200000,27.0
1601337600000,30.0
1601424000000,28.0
1585699200000,22.0
1585785600000,20.0
1585872000000,20.0
1585958400000,19.0
1586044800000,22.0
1586131200000,24.0
1586217600000,25.0
1586304000000,30.0
1586390400000,30.0
1586476800000,31.0
1586563200000,27.0
1586649600000,28.0
1586736000000,33.0
1586822400000,36.0
1586908800000,29.0
1586995200000,28.0
1587081600000,23.0
1587168000000,20.0
1587254400000,23.0
1587340800000,22.0
1587427200000,21.0
1587513600000,17.0
1587600000000,22.0
1587686400000,24.0
1587772800000,14.0
1587859200000,18.0
1587945600000,22.0
1588032000000,26.0
1588118400000,31.0
1589760000000,25.0
1589846400000,15.0
1589932800000,15.0
1590019200000,26.0
1590105600000,31.0
1590192000000,26.0
1590278400000,23.0
1590364800000,25.0
1590451200000,27.0
1590537600000,27.0
1590624000000,25.0
1590710400000,24.0
1590796800000,27.0
1590883200000,22.0
1590969600000,29.0
1591056000000,23.0
1591142400000,25.0
1591228800000,26.0
1591315200000,26.0
1591401600000,25.0
1592092800000,40.0
1592179200000,34.0
1592265600000,33.0
1592352000000,33.0
1592438400000,56.0
1592524800000,37.0
1592611200000,29.0
1592697600000,46.0
1592784000000,39.0
1592870400000,42.0
1592956800000,42.0
1593043200000,39.0
1593129600000,38.0
1593216000000,134.0
1593302400000,36.0
1593388800000,38.0
1593475200000,48.0
1579910400000,22.0
1580601600000,32.0
1580688000000,37.0
1580774400000,39.0
1580860800000,38.0
1580947200000,37.0
1581033600000,34.0
1581120000000,33.0
1581206400000,25.0
1581552000000,32.0
1581638400000,33.0
1581724800000,27.0
1581811200000,28.0
1581897600000,33.0
1581984000000,40.0
1582070400000,41.0
1582156800000,37.0
1582243200000,33.0
1583020800000,19.0
1583107200000,17.0
1583193600000,19.0
1583280000000,20.0
1583366400000,28.0
1583452800000,30.0
1583539200000,27.0
1583625600000,31.0
1583712000000,30.0
1583798400000,30.0
1583884800000,40.0
1583971200000,77.0
1584057600000,125.0
1584144000000,100.0
1584230400000,99.0
1584316800000,83.0
1584403200000,29.0
1584489600000,26.0
1584576000000,26.0
1584662400000,25.0
1584748800000,23.0
1584835200000,24.0
1584921600000,26.0
1585008000000,21.0
1585094400000,22.0
1585180800000,26.0
1585267200000,25.0
1585353600000,24.0
1501200000000,120.0
1501286400000,176.0
1501372800000,174.0
1501459200000,133.0
1501545600000,132.0
1501718400000,163.0
1501804800000,150.0
1501891200000,70.0
1491004800000,51.0
1491091200000,54.0
1491177600000,49.0
1491264000000,46.0
1491350400000,40.0
1491436800000,42.0
1491523200000,39.0
1491609600000,39.0
1491696000000,48.0
1491782400000,64.0
1491868800000,68.0
1491955200000,48.0
1492041600000,48.0
1492128000000,48.0
1492214400000,43.0
1492300800000,41.0
1492387200000,42.0
1492473600000,47.0
1492560000000,61.0
1492646400000,68.0
1492732800000,27.0
1493078400000,49.0
1493164800000,53.0
1493251200000,48.0
1493337600000,47.0
1493424000000,47.0
1493510400000,45.0
1493596800000,52.0
1493683200000,103.0
1493769600000,89.0
1493856000000,80.0
1493942400000,63.0
1494028800000,111.0
1494115200000,59.0
1494201600000,56.0
1494288000000,71.0
1494374400000,83.0
1494460800000,54.0
1494547200000,81.0
1494633600000,64.0
1494720000000,60.0
1494806400000,87.0
1494892800000,59.0
1494979200000,26.0
1495065600000,78.0
1495152000000,71.0
1495238400000,84.0
1495324800000,78.0
1495411200000,168.0
1495497600000,144.0
1495584000000,141.0
1495670400000,123.0
1495756800000,73.0
1495843200000,88.0
1495929600000,110.0
1496016000000,79.0
1496102400000,57.0
1496188800000,150.0
1496275200000,158.0
1496361600000,138.0
1496448000000,131.0
1496534400000,146.0
1496620800000,106.0
1496707200000,110.0
1496793600000,80.0
1496880000000,82.0
1496966400000,102.0
1497052800000,77.0
1497139200000,92.0
1497225600000,64.0
1498003200000,49.0
1498089600000,53.0
1487635200000,17.0
1487721600000,36.0
1487808000000,32.0
1487894400000,36.0
1487980800000,38.0
1488067200000,34.0
1488153600000,46.0
1488240000000,47.0
1488326400000,39.0
1488412800000,56.0
1488499200000,57.0
1488585600000,46.0
1488672000000,34.0
1488758400000,38.0
1489017600000,34.0
1489104000000,45.0
1489190400000,34.0
1489276800000,20.0
1489363200000,31.0
1489449600000,33.0
1489536000000,34.0
1489622400000,35.0
1489708800000,39.0
1489795200000,34.0
1489881600000,43.0
1489968000000,46.0
1490054400000,46.0
1490140800000,40.0
1490227200000,48.0
1490313600000,51.0
1490400000000,32.0
1490486400000,40.0
1490572800000,49.0
1490659200000,50.0
1490918400000,51.0
1451865600000,48.0
1451952000000,38.0
1452297600000,26.0
1452384000000,39.0
1452470400000,50.0
1453075200000,21.0
1453161600000,33.0
1453248000000,44.0
1453334400000,43.0
1453420800000,44.0
1453507200000,31.0
1453593600000,32.0
1453680000000,34.0
1453766400000,41.0
1453852800000,37.0
1453939200000,36.0
1454803200000,50.0
1454889600000,58.0
1454976000000,43.0
1455062400000,44.0
1455148800000,42.0
1455235200000,37.0
1455321600000,51.0
1455408000000,54.0
1455494400000,37.0
1455580800000,35.0
1455667200000,41.0
1455753600000,43.0
1455840000000,51.0
1455926400000,45.0
1456012800000,61.0
1456099200000,59.0
1456185600000,41.0
1456272000000,31.0
1456358400000,34.0
1456444800000,35.0
1456531200000,42.0
1456617600000,45.0
1456704000000,53.0
1456790400000,59.0
1457049600000,25.0
1443657600000,68.0
1443744000000,67.0
1443830400000,71.0
1443916800000,76.0
1444003200000,64.0
1444089600000,63.0
1444176000000,66.0
1444262400000,64.0
1444348800000,63.0
1444435200000,70.0
1444521600000,73.0
1444608000000,66.0
1444694400000,178.0
1444780800000,77.0
1444867200000,90.0
1444953600000,79.0
1445040000000,70.0
1445126400000,76.0
1445212800000,74.0
1445299200000,78.0
1445385600000,84.0
1445472000000,81.0
1445558400000,69.0
1445644800000,64.0
1445731200000,67.0
1445817600000,66.0
1445904000000,66.0
1445990400000,39.0
1446508800000,61.0
1446595200000,72.0
1446681600000,81.0
1446768000000,82.0
1446854400000,86.0
1446940800000,90.0
1447027200000,84.0
1447113600000,64.0
1447200000000,88.0
1447286400000,78.0
1447372800000,82.0
1447459200000,75.0
1447545600000,75.0
1447632000000,68.0
1447718400000,61.0
1447891200000,58.0
1447977600000,64.0
1448064000000,50.0
1448150400000,66.0
1448236800000,61.0
1448323200000,63.0
1448409600000,63.0
1448496000000,63.0
1448582400000,60.0
1448668800000,57.0
1448755200000,52.0
1448841600000,45.0
1448928000000,49.0
1449014400000,54.0
1449100800000,41.0
1449187200000,53.0
1449273600000,21.0
1449619200000,27.0
1449705600000,51.0
1449792000000,35.0
1450828800000,32.0
1450915200000,36.0
1451001600000,29.0
1451088000000,33.0
1451174400000,44.0
1451260800000,45.0
1451347200000,37.0
1451433600000,24.0
1436832000000,106.0
1436918400000,83.0
1437004800000,103.0
1437091200000,79.0
1437177600000,44.0
1437436800000,125.0
1437523200000,123.0
1437609600000,118.0
1437696000000,136.0
1437782400000,82.0
1437868800000,71.0
1437955200000,81.0
1438041600000,61.0
1438128000000,63.0
1438214400000,81.0
1438300800000,88.0
1438387200000,85.0
1438473600000,112.0
1438560000000,102.0
1438646400000,129.0
1438732800000,109.0
1438819200000,100.0
1438905600000,104.0
1438992000000,128.0
1439078400000,90.0
1439164800000,68.0
1439251200000,69.0
1439337600000,76.0
1439424000000,78.0
1439510400000,72.0
1439596800000,76.0
1439683200000,88.0
1439769600000,92.0
1439856000000,112.0
1439942400000,60.0
1440028800000,74.0
1440115200000,96.0
1440201600000,131.0
1440288000000,113.0
1440374400000,92.0
1440460800000,69.0
1440547200000,71.0
1440633600000,81.0
1440720000000,67.0
1440806400000,76.0
1440892800000,76.0
1440979200000,53.0
1441065600000,60.0
1441152000000,97.0
1441238400000,53.0
1441497600000,62.0
1441584000000,73.0
1441670400000,65.0
1441756800000,56.0
1441843200000,55.0
1441929600000,66.0
1442016000000,54.0
1442102400000,57.0
1442188800000,61.0
1442275200000,76.0
1442361600000,76.0
1442448000000,88.0
1442534400000,56.0
1442620800000,45.0
1442707200000,75.0
1442793600000,71.0
1442880000000,76.0
1442966400000,65.0
1443052800000,66.0
1443139200000,77.0
1443225600000,65.0
1443312000000,63.0
1443398400000,65.0
1443484800000,65.0
1443571200000,77.0
1427846400000,91.0
1427932800000,102.0
1428019200000,117.0
1428105600000,92.0
1429142400000,106.0
1429228800000,103.0
1429315200000,151.0
1429401600000,177.0
1429488000000,255.0
1429574400000,216.0
1429660800000,84.0
1429747200000,94.0
1429833600000,99.0
1429920000000,128.0
1430006400000,60.0
1430092800000,79.0
1430179200000,156.0
1430265600000,244.0
1430352000000,42.0
1430438400000,202.0
1430524800000,220.0
1430611200000,429.0
1420070400000,115.0
1420156800000,113.0
1420243200000,85.0
1426809600000,83.0
1426896000000,74.0
1426982400000,68.0
1427068800000,73.0
1427155200000,95.0
1427241600000,101.0
1427328000000,84.0
1427414400000,80.0
1427500800000,100.0
1427587200000,86.0
1427673600000,83.0
1427760000000,75.0
1416441600000,106.0
1416528000000,93.0
1416614400000,79.0
1416700800000,76.0
1416787200000,470.0
1416873600000,541.0
1416960000000,437.0
1417046400000,207.0
1417305600000,156.0
1417392000000,368.0
1417478400000,314.0
1419465600000,76.0
1419552000000,61.0
1405123200000,20.0
1615334400000,25.0
1615420800000,27.0
1615507200000,34.0
1615593600000,34.0
1615680000000,30.0
1615766400000,32.0
1615852800000,30.0
1615939200000,32.0
1616025600000,37.0
1616112000000,34.0
1616198400000,32.0
1616284800000,29.0
1616371200000,30.0
1603929600000,10.0
1605225600000,6.0
1593907200000,8.0
1594857600000,13.0
1600214400000,16.0
1589673600000,8.0
1581379200000,11.0
1581465600000,11.0
1563753600000,34.0
1498867200000,15.0
1498953600000,15.0
1499040000000,18.0
1499126400000,16.0
1499212800000,13.0
1499299200000,17.0
1499385600000,19.0
1499472000000,15.0
1499558400000,14.0
1499644800000,16.0
1499731200000,12.0
1499817600000,13.0
1499904000000,12.0
1499990400000,14.0
1500076800000,14.0
1500163200000,12.0
1500249600000,17.0
1500336000000,13.0
1500422400000,17.0
1500508800000,15.0
1500595200000,15.0
1500681600000,11.0
1500768000000,12.0
1500854400000,17.0
1500940800000,11.0
1501027200000,17.0
1501113600000,13.0
1492992000000,13.0
1497916800000,16.0
1498176000000,15.0
1498262400000,15.0
1498348800000,15.0
1498435200000,15.0
1498521600000,12.0
1498608000000,13.0
1498694400000,17.0
1498780800000,17.0
1446422400000,11.0
1447804800000,14.0
1449532800000,10.0
1450742400000,15.0
1589587200000,7.0
1540944000000,124.0
1543276800000,137.0
